,0,1,2,3,4
0,352,2011-12-18,17:58:13.335,B,2011-12-18T17:58:56.976000Z
1,352,2011-12-18,15:01:27.600,A,2011-12-18T15:02:32.787000Z
2,345,2011-12-11,21:27:05.260,C,2011-12-11T21:28:34.180000Z
3,339,2011-12-05,12:31:44.556,B,2011-12-05T12:37:00.684000Z
4,336,2011-12-02,12:21:35.500,A,2011-12-02T12:21:51.390000Z
5,330,2011-11-26,17:10:31.300,A,2011-11-26T17:10:54.913000Z
6,320,2011-11-16,08:09:17.408,B,2011-11-16T08:09:42.330000Z
7,320,2011-11-16,06:40:45.800,A,2011-11-16T06:41:12.338000Z
8,319,2011-11-15,04:59:40.629,A,2011-11-15T05:02:01.067000Z
9,314,2011-11-10,17:27:19.285,,2011-11-10T17:30:56.424000Z
10,312,2011-11-08,14:51:09.900,B,2011-11-08T14:52:13.909000Z
11,299,2011-10-26,10:36:53.000,A,2011-10-26T10:37:09.863000Z
12,299,2011-10-26,07:16:10.300,A,2011-10-26T07:16:59.206000Z
13,284,2011-10-11,13:21:31.110,B,2011-10-11T13:21:41.084000Z
14,283,2011-10-10,19:08:33.057,B,2011-10-10T19:14:43.522000Z
15,278,2011-10-05,14:43:11.461,A,2011-10-05T14:43:13.929000Z
16,278,2011-10-05,06:33:28.500,B,2011-10-05T06:33:47.639000Z
17,277,2011-10-04,09:28:05.086,,2011-10-04T09:32:00.486000Z
18,277,2011-10-04,06:13:54.957,B,2011-10-04T06:13:58.355000Z
19,274,2011-10-01,20:23:03.650,A,2011-10-01T20:23:37.204000Z
20,271,2011-09-28,17:22:04.700,B,2011-09-28T17:22:34.630000Z
21,270,2011-09-27,12:10:11.464,A,2011-09-27T12:16:54.648000Z
22,264,2011-09-21,03:26:57.205,A,2011-09-21T03:27:14.782000Z
23,260,2011-09-17,19:18:32.800,B,2011-09-17T19:19:12.196000Z
24,260,2011-09-17,00:53:26.200,B,2011-09-17T00:53:44.114000Z
25,256,2011-09-13,09:41:19.850,A,2011-09-13T09:43:01.841000Z
26,254,2011-09-11,19:19:13.000,C,2011-09-11T19:19:36.243000Z
27,252,2011-09-09,17:05:45.200,A,2011-09-09T17:06:28.428000Z
28,249,2011-09-06,16:25:07.053,C,2011-09-06T16:25:56.322000Z
29,249,2011-09-06,04:15:54.829,B,2011-09-06T04:15:57.783000Z
30,247,2011-09-04,13:31:27.200,A,2011-09-04T13:31:51.033000Z
31,245,2011-09-02,11:02:39.130,A,2011-09-02T11:02:56.891000Z
32,243,2011-08-31,22:20:09.844,C,2011-08-31T22:20:20.622000Z
33,243,2011-08-31,22:10:55.650,B,2011-08-31T22:11:15.043000Z
34,243,2011-08-31,16:33:42.800,A,2011-08-31T16:34:24.868000Z
35,242,2011-08-30,16:28:50.038,B,2011-08-30T16:29:10.753000Z
36,240,2011-08-28,19:15:12.350,B,2011-08-28T19:15:58.090000Z
37,240,2011-08-28,15:34:10.100,A,2011-08-28T15:34:53.827000Z
38,238,2011-08-26,05:39:39.800,A,2011-08-26T05:40:01.575000Z
39,237,2011-08-25,15:14:48.500,A,2011-08-25T15:15:22.068000Z
40,237,2011-08-25,01:31:04.725,C,2011-08-25T01:31:27.707000Z
41,234,2011-08-22,01:11:50.200,B,2011-08-22T01:12:19.338000Z
42,233,2011-08-21,06:16:02.664,B,2011-08-21T06:16:02.903000Z
43,233,2011-08-21,05:54:35.850,A,2011-08-21T05:54:58.120000Z
44,232,2011-08-20,13:27:48.700,A,2011-08-20T13:28:11.910000Z
45,231,2011-08-19,00:39:56.150,A,2011-08-19T00:40:25.652000Z
46,230,2011-08-18,22:17:09.364,B,2011-08-18T22:17:17.301000Z
47,226,2011-08-14,09:23:11.260,B,2011-08-14T09:23:11.993000Z
48,226,2011-08-14,03:54:44.737,B,2011-08-14T03:57:49.567000Z
49,226,2011-08-14,01:06:34.182,B,2011-08-14T01:10:56.301000Z
50,224,2011-08-12,11:16:07.843,B,2011-08-12T11:16:29.489000Z
51,224,2011-08-12,09:10:31.800,A,2011-08-12T09:10:54.881000Z
52,220,2011-08-08,15:37:46.850,A,2011-08-08T15:38:03.257000Z
53,220,2011-08-08,10:03:39.000,C,2011-08-08T10:04:12.938000Z
54,220,2011-08-08,05:05:49.851,B,2011-08-08T05:07:44.563000Z
55,219,2011-08-07,14:37:10.434,A,2011-08-07T14:41:47.503000Z
56,218,2011-08-06,04:49:39.241,B,2011-08-06T04:53:07.996000Z
57,216,2011-08-04,17:14:59.204,B,2011-08-04T17:15:19.573000Z
58,209,2011-07-28,09:46:05.900,B,2011-07-28T09:46:58.292000Z
59,207,2011-07-26,01:03:57.458,A,2011-07-26T01:05:02.270000Z
60,206,2011-07-25,07:11:05.600,A,2011-07-25T07:11:25.915000Z
61,202,2011-07-21,22:53:51.550,,2011-07-21T22:57:04.587000Z
62,202,2011-07-21,16:45:57.620,B,2011-07-21T16:46:05.890000Z
63,200,2011-07-19,07:14:30.169,A,2011-07-19T07:20:25.490000Z
64,195,2011-07-14,08:43:30.783,C,2011-07-14T08:43:32.136000Z
65,191,2011-07-10,03:07:26.000,A,2011-07-10T03:07:47.454000Z
66,189,2011-07-08,18:15:31.800,B,2011-07-08T18:16:00.854000Z
67,187,2011-07-06,09:09:15.413,C,2011-07-06T09:11:19.277000Z
68,185,2011-07-04,00:22:20.800,A,2011-07-04T00:23:01.807000Z
69,184,2011-07-03,15:56:12.623,B,2011-07-03T15:57:45.244000Z
70,183,2011-07-02,13:50:05.000,B,2011-07-02T13:50:39.507000Z
71,180,2011-06-29,19:15:55.000,C,2011-06-29T19:16:58.945000Z
72,175,2011-06-24,06:54:52.666,B,2011-06-24T06:58:04.868000Z
73,174,2011-06-23,22:03:24.167,A,2011-06-23T22:05:42.794000Z
74,174,2011-06-23,06:50:45.350,C,2011-06-23T06:51:14.551000Z
75,172,2011-06-21,12:10:02.460,A,2011-06-21T12:11:29.033000Z
76,158,2011-06-07,22:49:51.735,C,2011-06-07T22:51:20.997000Z
77,152,2011-06-01,17:20:26.000,C,2011-06-01T17:22:27.974000Z
78,148,2011-05-28,07:29:21.613,C,2011-05-28T07:30:35.727000Z
79,148,2011-05-28,01:05:22.228,C,2011-05-28T01:08:59.848000Z
80,147,2011-05-27,17:26:18.192,C,2011-05-27T17:30:54.695000Z
81,146,2011-05-26,12:57:42.997,C,2011-05-26T13:02:24.916000Z
82,145,2011-05-25,23:29:13.108,C,2011-05-25T23:34:00.655000Z
83,139,2011-05-19,20:40:56.913,C,2011-05-19T20:41:08.079000Z
84,139,2011-05-19,14:51:52.213,C,2011-05-19T14:53:14.354000Z
85,137,2011-05-17,23:16:52.151,A,2011-05-17T23:17:07.813000Z
86,137,2011-05-17,19:55:32.800,B,2011-05-17T19:56:03.055000Z
87,137,2011-05-17,02:23:50.350,B,2011-05-17T02:24:07.572000Z
88,131,2011-05-11,15:17:14.800,A,2011-05-11T15:17:47.403000Z
89,128,2011-05-08,13:29:46.682,,2011-05-08T13:30:03.359000Z
90,127,2011-05-07,23:55:51.990,B,2011-05-07T23:55:58.641000Z
91,126,2011-05-06,15:13:06.912,B,2011-05-06T15:14:02.808000Z
92,123,2011-05-03,22:25:33.645,,2011-05-03T22:25:52.998000Z
93,117,2011-04-27,05:40:45.000,B,2011-04-27T05:41:18.545000Z
94,116,2011-04-26,18:00:19.695,B,2011-04-26T18:00:44.275000Z
95,116,2011-04-26,04:10:35.900,A,2011-04-26T04:11:13.302000Z
96,115,2011-04-25,06:10:25.850,A,2011-04-25T06:11:03.730000Z
97,115,2011-04-25,00:02:43.200,A,2011-04-25T00:03:03.528000Z
98,114,2011-04-24,13:02:19.050,A,2011-04-24T13:04:53.325000Z
99,114,2011-04-24,09:58:05.000,B,2011-04-24T09:58:43.435000Z
100,114,2011-04-24,09:33:13.800,B,2011-04-24T09:33:43.392000Z
101,114,2011-04-24,09:25:35.000,A,2011-04-24T09:26:23.798000Z
102,114,2011-04-24,09:21:25.650,A,2011-04-24T09:22:23.445000Z
103,114,2011-04-24,04:39:06.300,A,2011-04-24T04:39:53.760000Z
104,114,2011-04-24,04:25:46.700,A,2011-04-24T04:26:23.454000Z
105,114,2011-04-24,03:29:14.000,A,2011-04-24T03:29:38.513000Z
106,114,2011-04-24,02:44:41.525,A,2011-04-24T02:45:02.316000Z
107,114,2011-04-24,01:34:07.500,A,2011-04-24T01:34:53.552000Z
108,113,2011-04-23,22:11:04.900,A,2011-04-23T22:11:43.663000Z
109,109,2011-04-19,12:14:50.000,C,2011-04-19T12:16:21.183000Z
110,101,2011-04-11,18:39:33.500,C,2011-04-11T18:39:50.726000Z
111,101,2011-04-11,02:52:33.727,B,2011-04-11T02:52:45.901000Z
112,94,2011-04-04,21:39:21.900,A,2011-04-04T21:39:42.573000Z
113,94,2011-04-04,21:29:23.346,A,2011-04-04T21:29:57.229000Z
114,93,2011-04-03,23:55:10.110,A,2011-04-04T00:00:33.037000Z
115,86,2011-03-27,23:57:44.300,A,2011-03-27T23:58:03.034000Z
116,85,2011-03-26,19:25:03.054,C,2011-03-26T19:25:25.760000Z
117,75,2011-03-16,16:08:44.648,,2011-03-16T16:11:56.436000Z
118,68,2011-03-09,10:37:35.475,A,2011-03-09T10:38:30.294000Z
119,48,2011-02-17,15:04:05.400,A,2011-02-17T15:04:27.459000Z
120,46,2011-02-15,23:11:24.400,B,2011-02-15T23:11:49.484000Z
121,41,2011-02-10,02:39:49.244,A,2011-02-10T02:40:01.176000Z
122,15,2011-01-15,05:14:50.196,B,2011-01-15T05:15:04.121000Z
123,6,2011-01-06,12:23:02.672,A,2011-01-06T12:23:40.088000Z
124,5,2011-01-05,12:22:25.230,B,2011-01-05T12:23:13.911000Z
125,2,2011-01-02,14:41:32.503,B,2011-01-02T14:44:41.122000Z
126,351,2010-12-17,09:39:36.476,A,2010-12-17T09:39:37.781000Z
127,349,2010-12-15,22:04:16.500,B,2010-12-15T22:05:02.496000Z
128,339,2010-12-05,00:28:25.312,A,2010-12-05T00:28:48.341000Z
129,338,2010-12-04,13:55:18.397,C,2010-12-04T13:55:42.073000Z
130,337,2010-12-03,02:02:27.800,A,2010-12-03T02:02:52.582000Z
131,335,2010-12-01,11:42:19.890,A,2010-12-01T11:43:13.887000Z
132,327,2010-11-23,03:38:56.200,B,2010-11-23T03:39:13.045000Z
133,325,2010-11-21,10:38:00.871,B,2010-11-21T10:40:16.518000Z
134,324,2010-11-20,00:22:48.295,B,2010-11-20T00:23:10.961000Z
135,323,2010-11-19,19:46:10.300,A,2010-11-19T19:46:29.881000Z
136,323,2010-11-19,19:25:12.817,A,2010-11-19T19:25:46.191000Z
137,322,2010-11-18,08:20:24.021,A,2010-11-18T08:20:53.601000Z
138,319,2010-11-15,08:28:54.000,B,2010-11-15T08:29:30.709000Z
139,316,2010-11-12,04:43:49.900,A,2010-11-12T04:44:23.370000Z
140,314,2010-11-10,08:22:58.700,A,2010-11-10T08:23:30.031000Z
141,297,2010-10-24,09:54:07.850,B,2010-10-24T09:55:00.922000Z
142,296,2010-10-23,00:55:01.405,B,2010-10-23T00:55:20.721000Z
143,290,2010-10-17,17:56:31.531,B,2010-10-17T18:01:06.492000Z
144,281,2010-10-08,17:27:27.200,A,2010-10-08T17:28:31.529000Z
145,265,2010-09-22,17:07:37.843,A,2010-09-22T17:07:59.401000Z
146,264,2010-09-21,04:39:54.475,A,2010-09-21T04:40:15.739000Z
147,261,2010-09-18,23:35:28.100,C,2010-09-18T23:36:10.180000Z
148,261,2010-09-18,06:47:38.800,A,2010-09-18T06:48:29.721000Z
149,255,2010-09-12,06:31:04.525,B,2010-09-12T06:32:01.394000Z
150,234,2010-08-22,10:24:12.749,A,2010-08-22T10:27:19.854000Z
151,233,2010-08-21,09:21:56.550,A,2010-08-21T09:22:15.003000Z
152,233,2010-08-21,02:56:50.275,B,2010-08-21T02:57:25.428000Z
153,228,2010-08-16,12:55:28.225,A,2010-08-16T12:58:48.062000Z
154,224,2010-08-12,09:47:35.000,,2010-08-12T09:50:08.475000Z
155,223,2010-08-11,15:59:15.500,A,2010-08-11T15:59:39.572000Z
156,215,2010-08-03,08:06:55.705,B,2010-08-03T08:07:46.886000Z
157,208,2010-07-27,14:03:19.050,B,2010-07-27T14:03:45.629000Z
158,202,2010-07-21,02:21:37.887,B,2010-07-21T02:22:00.496000Z
159,196,2010-07-15,17:39:14.412,A,2010-07-15T17:40:10.834000Z
160,195,2010-07-14,00:56:17.700,A,2010-07-14T00:56:52.883000Z
161,195,2010-07-14,00:36:06.300,A,2010-07-14T00:37:21.394000Z
162,194,2010-07-13,23:30:28.900,B,2010-07-13T23:31:03.548000Z
163,194,2010-07-13,13:19:14.048,A,2010-07-13T13:20:00.649000Z
164,194,2010-07-13,11:20:01.000,A,2010-07-13T11:21:02.417000Z
165,194,2010-07-13,03:19:34.559,A,2010-07-13T03:23:24.673000Z
166,192,2010-07-11,23:27:11.442,A,2010-07-11T23:27:40.226000Z
167,192,2010-07-11,22:59:07.700,A,2010-07-11T22:59:56.318000Z
168,190,2010-07-09,12:46:48.700,A,2010-07-09T12:47:28.046000Z
169,190,2010-07-09,00:19:43.977,A,2010-07-09T00:20:22.958000Z
170,189,2010-07-08,05:01:03.300,A,2010-07-08T05:01:58.306000Z
171,184,2010-07-03,19:06:12.500,A,2010-07-03T19:06:37.774000Z
172,180,2010-06-29,08:08:58.600,A,2010-06-29T08:10:10.146000Z
173,180,2010-06-29,07:45:21.350,C,2010-06-29T07:45:59.079000Z
174,179,2010-06-28,22:26:15.034,A,2010-06-28T22:26:51.821000Z
175,178,2010-06-27,13:11:47.152,B,2010-06-27T13:11:53.097000Z
176,176,2010-06-25,23:05:51.000,B,2010-06-25T23:06:32.686000Z
177,166,2010-06-15,23:29:31.000,B,2010-06-15T23:30:03.068000Z
178,157,2010-06-06,16:50:33.547,B,2010-06-06T16:51:31.920000Z
179,157,2010-06-06,12:22:57.024,B,2010-06-06T12:23:02.285000Z
180,156,2010-06-05,21:19:30.300,A,2010-06-05T21:20:20.787000Z
181,150,2010-05-30,05:00:09.700,A,2010-05-30T05:01:22.630000Z
182,143,2010-05-23,22:04:18.795,C,2010-05-23T22:05:26.556000Z
183,139,2010-05-19,04:28:46.862,B,2010-05-19T04:28:54.998000Z
184,129,2010-05-09,16:10:01.336,B,2010-05-09T16:10:31.899000Z
185,128,2010-05-08,22:23:47.000,A,2010-05-08T22:24:14.258000Z
186,121,2010-05-01,05:23:57.600,B,2010-05-01T05:24:47.635000Z
187,117,2010-04-27,18:48:37.800,A,2010-04-27T18:49:05.842000Z
188,117,2010-04-27,07:45:20.494,A,2010-04-27T07:45:47.430000Z
189,111,2010-04-21,03:46:58.700,A,2010-04-21T03:47:42.351000Z
190,110,2010-04-20,03:20:57.010,B,2010-04-20T03:22:47.882000Z
191,108,2010-04-18,09:38:33.727,A,2010-04-18T09:38:54.729000Z
192,106,2010-04-16,10:03:34.000,C,2010-04-16T10:04:20.860000Z
193,106,2010-04-16,03:20:40.500,B,2010-04-16T03:21:05.978000Z
194,91,2010-04-01,16:15:34.041,B,2010-04-01T16:16:05.776000Z
195,89,2010-03-30,01:54:24.911,B,2010-03-30T01:55:10.869000Z
196,80,2010-03-21,11:54:28.000,B,2010-03-21T11:54:49.801000Z
197,77,2010-03-18,18:48:17.000,C,2010-03-18T18:48:59.694000Z
198,57,2010-02-26,16:39:10.300,A,2010-02-26T16:39:42.682000Z
199,55,2010-02-24,14:44:36.786,A,2010-02-24T14:45:19.206000Z
200,51,2010-02-20,00:41:33.850,B,2010-02-20T00:42:15.506000Z
201,48,2010-02-17,07:54:40.550,B,2010-02-17T07:55:04.728000Z
202,47,2010-02-16,12:06:18.100,A,2010-02-16T12:06:40.387000Z
203,47,2010-02-16,06:42:31.200,A,2010-02-16T06:43:07.140000Z
204,40,2010-02-09,02:52:14.500,A,2010-02-09T02:52:36.421000Z
205,24,2010-01-24,13:19:52.912,,2010-01-24T13:23:38.240000Z
206,22,2010-01-22,00:48:33.221,B,2010-01-22T00:52:08.018000Z
207,21,2010-01-21,09:52:33.469,,2010-01-21T09:52:38.106000Z
208,20,2010-01-20,16:56:54.488,A,2010-01-20T17:00:56.582000Z
209,18,2010-01-18,15:57:46.470,B,2010-01-18T16:03:07.850000Z
210,5,2010-01-05,11:23:53.800,A,2010-01-05T11:24:39.721000Z
211,4,2010-01-04,06:29:24.600,A,2010-01-04T06:30:29.541000Z
212,4,2010-01-04,01:51:06.200,A,2010-01-04T01:51:59.788000Z
213,3,2010-01-03,00:39:23.600,B,2010-01-03T00:40:23.541000Z
214,365,2009-12-31,15:00:43.550,A,2009-12-31T15:01:41.124000Z
215,363,2009-12-29,11:09:45.167,B,2009-12-29T11:12:05.182000Z
216,360,2009-12-26,20:49:35.300,B,2009-12-26T20:50:30.933000Z
217,354,2009-12-20,14:14:00.900,A,2009-12-20T14:14:51.475000Z
218,354,2009-12-20,04:33:56.880,A,2009-12-20T04:34:58.731000Z
219,353,2009-12-19,09:01:48.596,B,2009-12-19T09:02:50.054000Z
220,353,2009-12-19,05:37:00.666,A,2009-12-19T05:39:22.658000Z
221,340,2009-12-06,20:33:18.880,B,2009-12-06T20:33:43.073000Z
222,340,2009-12-06,18:45:23.091,B,2009-12-06T18:45:31.816000Z
223,330,2009-11-26,15:10:36.760,A,2009-11-26T15:14:37.399000Z
224,315,2009-11-11,09:52:19.559,A,2009-11-11T09:55:26.075000Z
225,312,2009-11-08,06:51:49.961,A,2009-11-08T06:54:02.930000Z
226,311,2009-11-07,07:10:35.576,A,2009-11-07T07:12:11.656000Z
227,307,2009-11-03,05:26:21.351,A,2009-11-03T05:29:42.261000Z
228,305,2009-11-01,08:34:04.754,B,2009-11-01T08:35:45.547000Z
229,302,2009-10-29,07:26:24.895,B,2009-10-29T07:29:14.165000Z
230,245,2009-09-02,01:30:50.000,B,2009-09-02T01:32:13.928000Z
231,244,2009-09-01,17:45:30.150,A,2009-09-01T17:46:10.000000Z
232,242,2009-08-30,02:11:10.900,C,2009-08-30T02:11:36.737000Z
233,241,2009-08-29,22:38:15.300,A,2009-08-29T22:38:47.065000Z
234,241,2009-08-29,20:54:03.115,A,2009-08-29T20:54:39.245000Z
235,241,2009-08-29,15:25:38.282,C,2009-08-29T15:26:02.341000Z
236,241,2009-08-29,06:36:42.350,C,2009-08-29T06:37:17.664000Z
237,241,2009-08-29,03:34:22.750,A,2009-08-29T03:34:51.727000Z
238,237,2009-08-25,20:53:27.300,B,2009-08-25T20:53:53.403000Z
239,237,2009-08-25,03:21:21.669,B,2009-08-25T03:21:43.184000Z
240,235,2009-08-23,18:25:54.700,A,2009-08-23T18:26:38.012000Z
241,234,2009-08-22,14:33:17.436,B,2009-08-22T14:33:52.249000Z
242,233,2009-08-21,13:41:38.440,A,2009-08-21T13:45:48.272000Z
243,233,2009-08-21,02:15:20.275,,2009-08-21T02:15:46.282000Z
244,232,2009-08-20,21:28:58.522,B,2009-08-20T21:29:22.072000Z
245,231,2009-08-19,01:10:34.537,B,2009-08-19T01:11:00.910000Z
246,228,2009-08-16,07:49:59.154,A,2009-08-16T07:52:32.623000Z
247,220,2009-08-08,19:52:57.800,B,2009-08-08T19:53:18.325000Z
248,219,2009-08-07,09:06:30.000,A,2009-08-07T09:06:49.893000Z
249,216,2009-08-04,16:17:43.146,A,2009-08-04T16:18:22.122000Z
250,214,2009-08-02,04:51:24.831,,2009-08-02T04:54:13.227000Z
251,211,2009-07-30,18:28:38.508,,2009-07-30T18:30:27.436000Z
252,211,2009-07-30,06:11:04.200,B,2009-07-30T06:11:29.784000Z
253,211,2009-07-30,05:39:11.450,B,2009-07-30T05:39:41.674000Z
254,211,2009-07-30,02:58:53.581,B,2009-07-30T02:59:32.118000Z
255,211,2009-07-30,02:22:21.950,A,2009-07-30T02:22:44.262000Z
256,210,2009-07-29,21:58:42.300,B,2009-07-29T21:59:20.606000Z
257,210,2009-07-29,19:30:20.450,B,2009-07-29T19:30:45.128000Z
258,209,2009-07-28,09:18:29.540,B,2009-07-28T09:18:44.073000Z
259,208,2009-07-27,22:15:40.415,B,2009-07-27T22:16:06.732000Z
260,204,2009-07-23,00:11:12.671,A,2009-07-23T00:11:45.783000Z
261,196,2009-07-15,19:52:30.550,A,2009-07-15T19:52:45.782000Z
262,195,2009-07-14,20:01:55.004,B,2009-07-14T20:02:12.765000Z
263,186,2009-07-05,18:52:34.939,A,2009-07-05T18:53:18.965000Z
264,183,2009-07-02,23:40:19.621,B,2009-07-02T23:40:30.384000Z
265,176,2009-06-25,20:09:49.958,B,2009-06-25T20:11:01.820000Z
266,162,2009-06-11,22:24:00.748,B,2009-06-11T22:24:02.719000Z
267,160,2009-06-09,16:33:17.568,A,2009-06-09T16:33:31.202000Z
268,159,2009-06-08,23:12:46.054,A,2009-06-08T23:13:22.195000Z
269,156,2009-06-05,14:40:09.000,B,2009-06-05T14:41:57.760000Z
270,156,2009-06-05,02:37:34.049,A,2009-06-05T02:38:33.714000Z
271,149,2009-05-29,10:25:43.950,A,2009-05-29T10:26:32.013000Z
272,146,2009-05-26,21:37:38.000,A,2009-05-26T21:38:16.830000Z
273,146,2009-05-26,21:18:11.107,A,2009-05-26T21:18:41.328000Z
274,144,2009-05-24,13:55:14.849,A,2009-05-24T13:56:08.876000Z
275,143,2009-05-23,04:49:03.967,A,2009-05-23T04:54:50.029000Z
276,141,2009-05-21,15:29:49.545,A,2009-05-21T15:33:48.170000Z
277,141,2009-05-21,03:20:00.836,A,2009-05-21T03:20:37.837000Z
278,141,2009-05-21,03:18:02.975,A,2009-05-21T03:18:40.775000Z
279,141,2009-05-21,02:58:34.606,B,2009-05-21T02:58:58.321000Z
280,141,2009-05-21,02:41:30.266,A,2009-05-21T02:42:15.222000Z
281,141,2009-05-21,02:25:14.900,B,2009-05-21T02:25:43.578000Z
282,141,2009-05-21,01:59:25.527,B,2009-05-21T01:59:44.225000Z
283,141,2009-05-21,01:52:54.182,B,2009-05-21T01:53:23.000000Z
284,141,2009-05-21,01:46:48.150,A,2009-05-21T01:47:16.221000Z
285,141,2009-05-21,00:52:31.804,A,2009-05-21T00:52:53.243000Z
286,140,2009-05-20,23:54:07.453,B,2009-05-20T23:54:33.653000Z
287,140,2009-05-20,22:20:07.400,B,2009-05-20T22:20:33.109000Z
288,140,2009-05-20,16:02:05.697,A,2009-05-20T16:02:30.330000Z
289,140,2009-05-20,14:31:33.828,A,2009-05-20T14:32:11.364000Z
290,140,2009-05-20,13:39:29.459,B,2009-05-20T13:39:58.689000Z
291,140,2009-05-20,08:24:22.968,A,2009-05-20T08:25:10.708000Z
292,140,2009-05-20,00:50:04.380,B,2009-05-20T00:50:17.258000Z
293,137,2009-05-17,22:41:09.572,B,2009-05-17T22:42:39.285000Z
294,137,2009-05-17,12:00:48.235,B,2009-05-17T12:02:27.884000Z
295,136,2009-05-16,13:08:45.421,A,2009-05-16T13:09:02.048000Z
296,133,2009-05-13,19:48:14.334,A,2009-05-13T19:51:59.909000Z
297,133,2009-05-13,11:04:45.000,C,2009-05-13T11:05:23.900000Z
298,127,2009-05-07,22:36:00.450,B,2009-05-07T22:36:20.432000Z
299,122,2009-05-02,15:45:55.607,,2009-05-02T15:45:56.175000Z
300,122,2009-05-02,09:27:31.400,A,2009-05-02T09:27:39.380000Z
301,118,2009-04-28,03:35:30.600,B,2009-04-28T03:35:54.471000Z
302,118,2009-04-28,02:56:45.300,A,2009-04-28T02:57:05.021000Z
303,115,2009-04-25,10:16:13.351,A,2009-04-25T10:16:29.199000Z
304,115,2009-04-25,01:36:52.950,A,2009-04-25T01:37:51.863000Z
305,111,2009-04-21,08:08:10.639,B,2009-04-21T08:09:33.715000Z
306,110,2009-04-20,14:19:48.384,B,2009-04-20T14:20:09.621000Z
307,107,2009-04-17,07:40:16.200,B,2009-04-17T07:40:39.066000Z
308,101,2009-04-11,23:42:50.826,,2009-04-11T23:42:53.229000Z
309,97,2009-04-07,17:49:18.289,A,2009-04-07T17:52:32.785000Z
310,96,2009-04-06,01:34:20.666,A,2009-04-06T01:37:13.966000Z
311,95,2009-04-05,17:39:49.938,B,2009-04-05T17:44:21.150000Z
312,95,2009-04-05,16:19:00.209,B,2009-04-05T16:23:30.714000Z
313,86,2009-03-27,09:19:35.993,C,2009-03-27T09:19:58.488000Z
314,82,2009-03-23,18:45:02.100,A,2009-03-23T18:46:24.303000Z
315,79,2009-03-20,01:15:43.562,B,2009-03-20T01:16:32.310000Z
316,78,2009-03-19,10:26:25.950,B,2009-03-19T10:27:37.193000Z
317,78,2009-03-19,08:28:21.300,A,2009-03-19T08:29:44.119000Z
318,49,2009-02-18,07:38:14.000,A,2009-02-18T07:38:28.651000Z
319,47,2009-02-16,23:17:57.497,A,2009-02-16T23:21:58.692000Z
320,36,2009-02-05,14:50:46.530,A,2009-02-05T14:51:03.806000Z
321,36,2009-02-05,03:55:43.000,A,2009-02-05T03:56:56.997000Z
322,33,2009-02-02,04:14:53.938,B,2009-02-02T04:15:36.284000Z
323,32,2009-02-01,00:58:27.352,,2009-02-01T01:03:13.130000Z
324,11,2009-01-11,10:51:40.317,B,2009-01-11T10:51:44.910000Z
325,11,2009-01-11,02:46:51.800,B,2009-01-11T02:47:40.346000Z
326,10,2009-01-10,22:27:52.408,A,2009-01-10T22:29:07.873000Z
327,365,2008-12-30,06:21:44.940,A,2008-12-30T06:23:00.890000Z
328,360,2008-12-25,18:53:16.300,B,2008-12-25T18:53:39.858000Z
329,358,2008-12-23,23:47:30.700,B,2008-12-23T23:47:58.124000Z
330,352,2008-12-17,03:02:54.200,B,2008-12-17T03:03:15.381000Z
331,351,2008-12-16,02:30:47.750,B,2008-12-16T02:31:45.146000Z
332,348,2008-12-13,08:29:07.098,,2008-12-13T08:33:56.213000Z
333,342,2008-12-07,09:56:21.794,,2008-12-07T10:00:21.994000Z
334,337,2008-12-02,18:42:34.732,B,2008-12-02T18:42:53.185000Z
335,335,2008-11-30,16:28:33.400,B,2008-11-30T16:28:55.116000Z
336,333,2008-11-28,23:39:51.435,C,2008-11-28T23:40:18.866000Z
337,325,2008-11-20,14:10:21.060,,2008-11-20T14:13:48.701000Z
338,317,2008-11-12,10:39:42.920,,2008-11-12T10:40:42.421000Z
339,314,2008-11-09,12:53:15.275,,2008-11-09T12:57:10.666000Z
340,307,2008-11-02,06:47:22.324,,2008-11-02T06:47:35.700000Z
341,301,2008-10-27,10:56:35.295,,2008-10-27T10:57:48.554000Z
342,298,2008-10-24,06:02:11.800,B,2008-10-24T06:02:42.309000Z
343,291,2008-10-17,18:44:03.859,,2008-10-17T18:44:11.992000Z
344,288,2008-10-14,02:08:29.901,,2008-10-14T02:13:35.615000Z
345,286,2008-10-12,23:54:11.383,,2008-10-12T23:54:38.236000Z
346,281,2008-10-07,16:22:54.648,,2008-10-07T16:23:14.791000Z
347,280,2008-10-06,11:40:13.400,,2008-10-06T11:40:31.689000Z
348,279,2008-10-05,05:27:44.962,A,2008-10-05T05:28:14.496000Z
349,273,2008-09-29,03:06:54.559,,2008-09-29T03:11:36.449000Z
350,272,2008-09-28,15:26:28.920,C,2008-09-28T15:26:52.821000Z
351,265,2008-09-21,15:53:08.562,,2008-09-21T15:54:13.927000Z
352,262,2008-09-18,14:34:26.574,,2008-09-18T14:36:33.755000Z
353,252,2008-09-08,08:11:36.500,B,2008-09-08T08:11:58.453000Z
354,249,2008-09-05,20:00:00.013,,2008-09-05T20:00:11.986000Z
355,248,2008-09-04,01:56:55.109,,2008-09-04T01:57:39.150000Z
356,246,2008-09-02,22:42:05.200,B,2008-09-02T22:42:30.754000Z
357,241,2008-08-28,05:05:42.942,A,2008-08-28T05:06:13.764000Z
358,239,2008-08-26,09:47:52.357,,2008-08-26T09:52:38.389000Z
359,235,2008-08-22,10:53:35.306,,2008-08-22T10:53:55.872000Z
360,235,2008-08-22,02:54:45.171,A,2008-08-22T02:55:33.804000Z
361,233,2008-08-20,17:28:01.338,,2008-08-20T17:29:22.237000Z
362,232,2008-08-19,20:50:06.360,,2008-08-19T20:50:13.673000Z
363,232,2008-08-19,17:16:44.658,,2008-08-19T17:16:51.559000Z
364,229,2008-08-16,02:55:26.950,B,2008-08-16T02:56:03.753000Z
365,225,2008-08-12,21:01:21.644,,2008-08-12T21:01:34.129000Z
366,225,2008-08-12,09:23:28.300,B,2008-08-12T09:23:49.488000Z
367,214,2008-08-01,15:22:48.000,A,2008-08-01T15:23:17.210000Z
368,213,2008-07-31,08:40:15.413,,2008-07-31T08:43:38.356000Z
369,212,2008-07-30,05:04:13.550,,2008-07-30T05:12:14.073000Z
370,210,2008-07-28,21:12:31.880,,2008-07-28T21:12:36.531000Z
371,206,2008-07-24,00:56:37.100,A,2008-07-24T00:57:08.001000Z
372,205,2008-07-23,04:07:29.950,A,2008-07-23T04:07:49.007000Z
373,191,2008-07-09,09:04:12.693,,2008-07-09T09:04:43.210000Z
374,190,2008-07-08,06:13:10.660,A,2008-07-08T06:13:38.214000Z
375,188,2008-07-06,18:33:19.223,,2008-07-06T18:33:28.416000Z
376,187,2008-07-05,18:48:32.125,B,2008-07-05T18:49:23.990000Z
377,187,2008-07-05,10:35:38.124,,2008-07-05T10:36:00.264000Z
378,187,2008-07-05,00:59:45.147,B,2008-07-05T01:00:03.292000Z
379,185,2008-07-03,20:57:36.956,,2008-07-03T20:59:49.798000Z
380,185,2008-07-03,01:32:41.547,C,2008-07-03T01:33:18.781000Z
381,184,2008-07-02,09:18:18.632,B,2008-07-02T09:19:16.020000Z
382,182,2008-06-30,13:41:38.422,,2008-06-30T13:44:49.013000Z
383,180,2008-06-28,05:11:27.199,B,2008-06-28T05:12:09.370000Z
384,179,2008-06-27,04:07:01.385,B,2008-06-27T04:07:36.980000Z
385,178,2008-06-26,02:31:54.300,C,2008-06-26T02:32:15.104000Z
386,174,2008-06-22,07:24:15.923,,2008-06-22T07:28:32.110000Z
387,173,2008-06-21,13:45:02.488,,2008-06-21T13:49:46.836000Z
388,173,2008-06-21,11:37:52.154,,2008-06-21T11:42:34.369000Z
389,173,2008-06-21,05:58:44.135,,2008-06-21T06:03:30.177000Z
390,170,2008-06-18,02:00:20.415,,2008-06-18T02:05:36.039000Z
391,169,2008-06-17,01:57:08.449,A,2008-06-17T01:58:03.102000Z
392,164,2008-06-12,07:47:00.000,B,2008-06-12T07:47:47.191000Z
393,160,2008-06-08,12:26:55.460,,2008-06-08T12:32:35.221000Z
394,159,2008-06-07,13:55:21.000,C,2008-06-07T13:56:26.427000Z
395,159,2008-06-07,03:25:29.400,C,2008-06-07T03:26:11.578000Z
396,159,2008-06-07,01:43:28.800,C,2008-06-07T01:43:55.265000Z
397,159,2008-06-07,01:40:42.800,A,2008-06-07T01:41:35.113000Z
398,159,2008-06-07,00:19:14.273,A,2008-06-07T00:20:03.594000Z
399,158,2008-06-06,21:57:09.050,A,2008-06-06T21:57:32.349000Z
400,157,2008-06-05,18:14:00.550,,2008-06-05T18:19:06.201000Z
401,143,2008-05-22,20:59:56.873,,2008-05-22T21:02:19.198000Z
402,139,2008-05-18,12:11:23.400,B,2008-05-18T12:11:47.660000Z
403,137,2008-05-16,11:18:57.380,,2008-05-16T11:19:48.043000Z
404,131,2008-05-10,20:54:33.026,,2008-05-10T20:57:45.610000Z
405,129,2008-05-08,20:19:34.100,B,2008-05-08T20:20:24.776000Z
406,129,2008-05-08,19:52:54.300,A,2008-05-08T19:53:50.463000Z
407,129,2008-05-08,12:27:51.488,,2008-05-08T12:32:23.169000Z
408,127,2008-05-06,05:19:29.400,A,2008-05-06T05:20:02.202000Z
409,64,2008-03-04,13:26:56.414,,2008-03-04T13:31:37.451000Z
410,64,2008-03-04,00:55:05.095,,2008-03-04T00:56:12.956000Z
411,64,2008-03-04,00:28:08.262,,2008-03-04T00:32:40.537000Z
412,57,2008-02-26,16:12:06.553,,2008-02-26T16:16:59.455000Z
413,57,2008-02-26,14:55:33.758,,2008-02-26T15:00:22.043000Z
414,57,2008-02-26,10:47:38.494,,2008-02-26T10:52:32.901000Z
415,55,2008-02-24,19:03:32.650,A,2008-02-24T19:03:48.744000Z
416,55,2008-02-24,10:58:38.900,A,2008-02-24T10:59:04.764000Z
417,52,2008-02-21,05:00:54.828,,2008-02-21T05:02:04.211000Z
418,51,2008-02-20,18:28:32.699,,2008-02-20T18:32:23.481000Z
419,50,2008-02-19,23:17:09.158,,2008-02-19T23:22:16.839000Z
420,49,2008-02-18,03:55:30.308,,2008-02-18T03:55:41.386000Z
421,45,2008-02-14,17:28:08.584,,2008-02-14T17:31:54.916000Z
422,45,2008-02-14,12:10:21.386,,2008-02-14T12:15:07.786000Z
423,45,2008-02-14,11:43:27.000,,2008-02-14T11:44:42.391000Z
424,45,2008-02-14,10:37:42.065,,2008-02-14T10:39:52.596000Z
425,45,2008-02-14,10:10:45.790,,2008-02-14T10:18:48.086000Z
426,44,2008-02-13,11:35:18.950,B,2008-02-13T11:35:43.980000Z
427,43,2008-02-12,07:07:29.500,C,2008-02-12T07:08:02.259000Z
428,42,2008-02-11,08:05:51.500,B,2008-02-11T08:06:13.490000Z
429,26,2008-01-26,02:30:19.100,,2008-01-26T02:30:22.230000Z
430,25,2008-01-25,19:22:44.962,,2008-01-25T19:23:00.911000Z
431,16,2008-01-16,05:04:17.600,A,2008-01-16T05:04:58.161000Z
432,16,2008-01-16,00:30:08.250,A,2008-01-16T00:30:15.649000Z
433,14,2008-01-14,11:10:23.850,A,2008-01-14T11:10:51.104000Z
434,13,2008-01-13,20:28:30.650,B,2008-01-13T20:29:10.788000Z
435,11,2008-01-11,12:57:58.439,,2008-01-11T12:58:01.581000Z
436,6,2008-01-06,05:15:53.730,,2008-01-06T05:19:29.247000Z
437,364,2007-12-30,06:44:00.814,,2007-12-30T06:47:58.198000Z
438,306,2007-11-02,08:57:07.907,,2007-11-02T09:00:22.402000Z
439,306,2007-11-02,04:47:13.093,A,2007-11-02T04:47:30.259000Z
440,300,2007-10-27,05:31:03.976,,2007-10-27T05:36:46.423000Z
441,288,2007-10-15,17:36:57.500,A,2007-10-15T17:37:55.517000Z
442,283,2007-10-10,10:15:27.276,,2007-10-10T10:20:31.224000Z
443,279,2007-10-06,03:35:57.199,,2007-10-06T03:39:28.552000Z
444,276,2007-10-03,02:15:14.050,B,2007-10-03T02:15:34.538000Z
445,274,2007-10-01,19:32:51.498,,2007-10-01T19:33:05.497000Z
446,269,2007-09-26,21:12:39.958,,2007-09-26T21:14:20.950000Z
447,267,2007-09-24,18:14:10.617,,2007-09-24T18:18:30.981000Z
448,263,2007-09-20,03:01:55.483,B,2007-09-20T03:02:45.910000Z
449,261,2007-09-18,06:11:25.650,B,2007-09-18T06:11:49.317000Z
450,255,2007-09-12,22:16:44.679,B,2007-09-12T22:17:05.975000Z
451,248,2007-09-05,09:21:58.376,A,2007-09-05T09:22:11.541000Z
452,248,2007-09-05,08:02:54.400,A,2007-09-05T08:03:11.970000Z
453,248,2007-09-05,07:58:17.700,B,2007-09-05T07:58:36.459000Z
454,248,2007-09-05,06:59:30.000,B,2007-09-05T07:00:28.104000Z
455,248,2007-09-05,06:36:09.038,A,2007-09-05T06:36:28.185000Z
456,248,2007-09-05,05:09:55.359,,2007-09-05T05:14:46.639000Z
457,246,2007-09-03,01:09:05.500,A,2007-09-03T01:09:49.101000Z
458,242,2007-08-30,22:18:27.250,B,2007-08-30T22:18:45.684000Z
459,232,2007-08-20,15:46:13.200,C,2007-08-20T15:46:40.759000Z
460,230,2007-08-18,16:43:22.700,B,2007-08-18T16:43:54.507000Z
461,230,2007-08-18,14:04:48.755,,2007-08-18T14:06:00.746000Z
462,228,2007-08-16,08:36:42.450,C,2007-08-16T08:37:19.169000Z
463,228,2007-08-16,01:51:33.002,A,2007-08-16T01:51:46.180000Z
464,227,2007-08-15,08:41:03.890,,2007-08-15T08:41:44.209000Z
465,224,2007-08-12,11:22:09.301,,2007-08-12T11:26:51.899000Z
466,223,2007-08-11,02:19:11.707,B,2007-08-11T02:19:39.103000Z
467,219,2007-08-07,22:24:37.455,,2007-08-07T22:27:01.046000Z
468,216,2007-08-04,16:03:18.500,C,2007-08-04T16:04:01.864000Z
469,202,2007-07-21,02:37:47.557,,2007-07-21T02:37:57.391000Z
470,194,2007-07-13,22:22:05.868,B,2007-07-13T22:22:33.184000Z
471,194,2007-07-13,16:25:37.400,A,2007-07-13T16:26:10.533000Z
472,194,2007-07-13,06:13:12.700,C,2007-07-13T06:13:45.439000Z
473,190,2007-07-09,16:00:00.184,,2007-07-09T16:03:20.713000Z
474,185,2007-07-04,23:56:29.447,,2007-07-04T23:57:30.865000Z
475,181,2007-06-30,22:35:05.657,,2007-06-30T22:35:24.190000Z
476,181,2007-06-30,10:03:26.850,A,2007-06-30T10:04:05.529000Z
477,180,2007-06-29,22:43:07.021,,2007-06-29T22:43:26.216000Z
478,180,2007-06-29,22:22:38.855,A,2007-06-29T22:35:33.475000Z
479,180,2007-06-29,18:10:33.787,,2007-06-29T18:15:12.814000Z
480,177,2007-06-26,00:54:43.269,,2007-06-26T00:54:49.231000Z
481,176,2007-06-25,07:32:23.210,,2007-06-25T07:33:35.389000Z
482,175,2007-06-24,16:13:12.230,A,2007-06-24T16:13:38.568000Z
483,172,2007-06-21,04:44:29.400,A,2007-06-21T04:44:48.214000Z
484,166,2007-06-15,22:56:23.672,,2007-06-15T22:57:05.310000Z
485,158,2007-06-07,19:25:47.025,,2007-06-07T19:29:43.940000Z
486,156,2007-06-05,11:51:53.248,,2007-06-05T11:56:58.951000Z
487,142,2007-05-22,18:29:03.221,,2007-05-22T18:29:10.285000Z
488,132,2007-05-12,13:11:49.150,B,2007-05-12T13:12:20.517000Z
489,132,2007-05-12,03:51:52.100,C,2007-05-12T03:52:24.393000Z
490,131,2007-05-11,12:56:57.000,A,2007-05-11T12:58:08.035000Z
491,131,2007-05-11,03:30:04.500,B,2007-05-11T03:30:32.879000Z
492,128,2007-05-08,16:19:17.066,,2007-05-08T16:19:16.321000Z
493,128,2007-05-08,01:05:51.500,B,2007-05-08T01:06:17.933000Z
494,127,2007-05-07,01:36:05.370,,2007-05-07T01:40:04.066000Z
495,121,2007-05-01,02:09:25.500,B,2007-05-01T02:09:47.009000Z
496,118,2007-04-28,08:56:23.698,,2007-04-28T08:59:36.553000Z
497,113,2007-04-23,21:59:19.500,B,2007-04-23T21:59:51.056000Z
498,109,2007-04-19,00:35:27.097,A,2007-04-19T00:35:44.479000Z
499,106,2007-04-16,16:20:01.845,,2007-04-16T16:20:57.452000Z
500,106,2007-04-16,07:40:35.923,,2007-04-16T07:46:32.776000Z
501,102,2007-04-12,03:39:30.675,,2007-04-12T03:43:33.225000Z
502,100,2007-04-10,19:18:01.000,A,2007-04-10T19:19:38.291000Z
503,100,2007-04-10,10:42:32.474,,2007-04-10T10:48:08.411000Z
504,100,2007-04-10,03:19:28.525,,2007-04-10T03:25:04.673000Z
505,99,2007-04-09,23:28:53.354,,2007-04-09T23:33:22.648000Z
506,96,2007-04-06,22:43:38.900,B,2007-04-06T22:44:08.293000Z
507,96,2007-04-06,21:44:30.723,,2007-04-06T21:51:02.975000Z
508,96,2007-04-06,16:21:21.900,A,2007-04-06T16:22:14.472000Z
509,96,2007-04-06,11:41:30.583,,2007-04-06T11:41:37.218000Z
510,90,2007-03-31,13:08:24.900,A,2007-03-31T13:10:28.403000Z
511,90,2007-03-31,12:22:57.606,A,2007-03-31T12:23:51.569000Z
512,89,2007-03-30,13:59:54.000,B,2007-03-30T14:00:15.585000Z
513,85,2007-03-26,13:56:25.159,,2007-03-26T13:58:15.051000Z
514,85,2007-03-26,02:20:53.719,,2007-03-26T02:26:50.980000Z
515,84,2007-03-25,22:02:39.751,,2007-03-25T22:03:14.350000Z
516,84,2007-03-25,18:58:37.401,,2007-03-25T19:04:40.899000Z
517,84,2007-03-25,17:32:16.756,,2007-03-25T17:32:33.244000Z
518,84,2007-03-25,14:55:40.875,,2007-03-25T14:55:41.324000Z
519,84,2007-03-25,13:59:16.772,,2007-03-25T14:05:06.246000Z
520,74,2007-03-15,09:12:36.578,,2007-03-15T09:12:50.062000Z
521,72,2007-03-13,01:26:15.600,A,2007-03-13T01:26:31.079000Z
522,65,2007-03-06,06:19:26.600,A,2007-03-06T06:19:43.593000Z
523,64,2007-03-05,19:35:04.288,C,2007-03-05T19:35:38.816000Z
524,46,2007-02-15,04:26:30.200,A,2007-02-15T04:26:59.441000Z
525,43,2007-02-12,20:36:40.043,,2007-02-12T20:36:48.705000Z
526,42,2007-02-11,20:31:18.150,A,2007-02-11T20:32:11.364000Z
527,42,2007-02-11,17:12:18.500,A,2007-02-11T17:13:05.709000Z
528,42,2007-02-11,06:23:15.854,,2007-02-11T06:23:26.796000Z
529,41,2007-02-10,09:14:16.489,,2007-02-10T09:22:01.089000Z
530,37,2007-02-06,17:40:30.223,A,2007-02-06T17:40:54.469000Z
531,37,2007-02-06,12:17:09.944,A,2007-02-06T12:17:32.936000Z
532,37,2007-02-06,10:52:24.000,C,2007-02-06T10:53:14.135000Z
533,37,2007-02-06,04:24:14.725,B,2007-02-06T04:24:32.698000Z
534,34,2007-02-03,11:38:56.160,A,2007-02-03T11:39:19.035000Z
535,27,2007-01-27,23:03:32.640,A,2007-01-27T23:03:57.333000Z
536,27,2007-01-27,02:23:51.400,B,2007-01-27T02:24:22.825000Z
537,27,2007-01-27,02:08:54.975,B,2007-01-27T02:09:23.842000Z
538,27,2007-01-27,01:22:14.200,A,2007-01-27T01:22:38.595000Z
539,27,2007-01-27,00:53:08.100,B,2007-01-27T00:53:31.377000Z
540,26,2007-01-26,23:36:03.900,A,2007-01-26T23:36:39.876000Z
541,26,2007-01-26,15:15:52.500,A,2007-01-26T15:17:25.914000Z
542,25,2007-01-25,08:28:52.800,A,2007-01-25T08:29:10.111000Z
543,7,2007-01-07,12:04:34.900,A,2007-01-07T12:05:28.967000Z
544,4,2007-01-04,15:08:43.889,A,2007-01-04T15:09:06.133000Z
545,4,2007-01-04,10:07:46.379,A,2007-01-04T10:08:04.614000Z
546,354,2006-12-20,11:38:53.000,B,2006-12-20T11:40:36.507000Z
547,347,2006-12-13,13:29:22.500,A,2006-12-13T13:29:56.058000Z
548,339,2006-12-05,05:01:46.000,B,2006-12-05T05:02:48.329000Z
549,338,2006-12-04,21:14:57.000,B,2006-12-04T21:15:45.036000Z
550,337,2006-12-03,01:54:50.358,B,2006-12-03T01:55:23.056000Z
551,333,2006-11-29,12:05:54.200,B,2006-11-29T12:07:35.988000Z
552,329,2006-11-25,19:05:11.860,A,2006-11-25T19:05:39.935000Z
553,329,2006-11-25,18:57:13.500,A,2006-11-25T18:57:31.648000Z
554,328,2006-11-24,04:38:00.100,A,2006-11-24T04:38:42.316000Z
555,327,2006-11-23,13:56:12.358,C,2006-11-23T13:56:56.854000Z
556,327,2006-11-23,13:32:20.200,A,2006-11-23T13:33:21.114000Z
557,308,2006-11-04,01:53:48.500,A,2006-11-04T01:54:36.136000Z
558,302,2006-10-29,03:25:01.257,A,2006-10-29T03:25:31.177000Z
559,300,2006-10-27,20:28:01.890,A,2006-10-27T20:28:18.986000Z
560,298,2006-10-25,02:03:30.200,A,2006-10-25T02:03:50.280000Z
561,287,2006-10-14,23:55:55.800,B,2006-10-14T23:56:44.113000Z
562,221,2006-08-09,10:38:59.700,C,2006-08-09T10:39:28.911000Z
563,220,2006-08-08,21:21:35.404,,2006-08-08T21:24:54.740000Z
564,220,2006-08-08,19:42:02.100,,2006-08-08T19:42:21.259000Z
565,202,2006-07-21,23:35:52.000,B,2006-07-21T23:36:33.453000Z
566,201,2006-07-20,06:05:52.500,C,2006-07-20T06:06:22.478000Z
567,197,2006-07-16,17:13:50.112,B,2006-07-16T17:15:35.646000Z
568,168,2006-06-17,02:13:44.100,B,2006-06-17T02:15:04.213000Z
569,168,2006-06-17,01:44:27.000,B,2006-06-17T01:45:18.697000Z
570,168,2006-06-17,00:56:29.656,C,2006-06-17T00:57:13.773000Z
571,167,2006-06-16,18:36:39.550,A,2006-06-16T18:37:44.450000Z
572,167,2006-06-16,18:34:26.550,C,2006-06-16T18:35:13.460000Z
573,167,2006-06-16,18:18:23.454,A,2006-06-16T18:19:05.049000Z
574,157,2006-06-06,02:53:05.139,A,2006-06-06T02:53:53.401000Z
575,145,2006-05-25,16:31:30.450,C,2006-05-25T16:32:29.291000Z
576,145,2006-05-25,12:40:56.494,C,2006-05-25T12:41:44.352000Z
577,139,2006-05-19,13:27:14.125,B,2006-05-19T13:27:41.685000Z
578,138,2006-05-18,16:10:11.250,A,2006-05-18T16:10:37.774000Z
579,138,2006-05-18,04:03:54.578,B,2006-05-18T04:04:12.768000Z
580,136,2006-05-16,04:06:29.400,A,2006-05-16T04:07:41.293000Z
581,133,2006-05-13,21:38:40.000,C,2006-05-13T21:39:43.596000Z
582,130,2006-05-10,01:44:18.675,A,2006-05-10T01:44:54.865000Z
583,128,2006-05-08,20:43:30.000,A,2006-05-08T20:44:07.616000Z
584,128,2006-05-08,04:05:38.900,B,2006-05-08T04:06:35.912000Z
585,123,2006-05-03,21:38:21.885,,2006-05-03T21:38:46.948000Z
586,121,2006-05-01,19:10:21.984,A,2006-05-01T19:10:38.403000Z
587,113,2006-04-23,14:43:01.086,A,2006-04-23T14:43:47.389000Z
588,109,2006-04-19,03:26:52.489,A,2006-04-19T03:27:47.772000Z
589,106,2006-04-16,05:18:17.000,B,2006-04-16T05:18:54.790000Z
590,74,2006-03-15,20:33:34.563,B,2006-03-15T20:34:26.143000Z
591,72,2006-03-13,18:05:25.817,B,2006-03-13T18:06:26.032000Z
592,53,2006-02-22,03:16:21.900,A,2006-02-22T03:17:00.046000Z
593,34,2006-02-03,22:16:20.426,,2006-02-03T22:17:47.514000Z
594,34,2006-02-03,20:42:02.000,C,2006-02-03T20:43:26.646000Z
595,7,2006-01-07,05:12:38.000,,2006-01-07T05:15:49.046000Z
596,357,2005-12-23,07:11:36.014,B,2005-12-23T07:11:40.600000Z
597,353,2005-12-19,17:46:18.952,B,2005-12-19T17:48:17.155000Z
598,353,2005-12-19,17:49:47.999,,2005-12-19T17:43:28.106000Z
599,329,2005-11-25,09:32:43.991,B,2005-11-25T09:38:00.181000Z
600,325,2005-11-21,10:58:09.347,B,2005-11-21T10:59:50.143000Z
601,307,2005-11-03,14:00:25.203,B,2005-11-03T14:01:37.600000Z
602,304,2005-10-31,00:03:13.601,A,2005-10-31T00:03:04.748000Z
603,303,2005-10-30,19:10:36.121,B,2005-10-30T19:11:03.186000Z
604,303,2005-10-30,17:25:52.766,C,2005-10-30T17:26:53.935000Z
605,303,2005-10-30,17:05:12.952,B,2005-10-30T17:05:22.720000Z
606,303,2005-10-30,06:07:23.800,A,2005-10-30T06:08:25.338000Z
607,302,2005-10-29,10:18:45.000,C,2005-10-29T10:20:58.928000Z
608,298,2005-10-25,09:31:35.165,C,2005-10-25T09:33:08.664000Z
609,294,2005-10-21,11:12:56.015,A,2005-10-21T11:16:38.789000Z
610,274,2005-10-01,08:42:02.900,A,2005-10-01T08:42:34.460000Z
611,274,2005-10-01,08:35:40.400,A,2005-10-01T08:36:17.316000Z
612,270,2005-09-27,10:24:49.783,A,2005-09-27T10:25:17.639000Z
613,248,2005-09-05,08:14:21.600,B,2005-09-05T08:14:42.879000Z
614,247,2005-09-04,18:59:54.450,B,2005-09-04T19:00:15.864000Z
615,247,2005-09-04,18:07:53.000,B,2005-09-04T18:08:29.784000Z
616,230,2005-08-18,01:40:45.050,B,2005-08-18T01:41:04.451000Z
617,206,2005-07-25,22:06:18.306,B,2005-07-25T22:06:59.234000Z
618,199,2005-07-18,11:46:06.858,A,2005-07-18T11:46:44.135000Z
619,198,2005-07-17,03:11:01.400,B,2005-07-17T03:11:29.819000Z
620,198,2005-07-17,02:48:57.518,A,2005-07-17T02:49:24.399000Z
621,198,2005-07-17,01:51:21.000,A,2005-07-17T01:52:09.809000Z
622,198,2005-07-17,01:27:23.206,B,2005-07-17T01:27:57.019000Z
623,197,2005-07-16,23:47:57.800,A,2005-07-16T23:48:40.075000Z
624,197,2005-07-16,23:45:39.900,A,2005-07-16T23:46:24.009000Z
625,197,2005-07-16,21:47:58.950,B,2005-07-16T21:48:25.970000Z
626,197,2005-07-16,05:35:29.600,B,2005-07-16T05:35:52.348000Z
627,192,2005-07-11,23:27:53.300,A,2005-07-11T23:28:16.483000Z
628,178,2005-06-27,05:38:29.400,B,2005-06-27T05:39:53.778000Z
629,178,2005-06-27,05:12:02.200,A,2005-06-27T05:13:28.956000Z
630,178,2005-06-27,04:54:11.149,A,2005-06-27T04:55:39.100000Z
631,177,2005-06-26,03:12:25.050,A,2005-06-26T03:13:08.955000Z
632,176,2005-06-25,21:47:52.900,A,2005-06-25T21:48:15.597000Z
633,160,2005-06-09,02:12:32.300,B,2005-06-09T02:13:31.124000Z
634,157,2005-06-06,04:23:13.500,B,2005-06-06T04:23:30.182000Z
635,153,2005-06-02,03:06:52.000,,2005-06-02T03:09:12.337000Z
636,150,2005-05-30,22:06:26.150,A,2005-05-30T22:06:58.349000Z
637,150,2005-05-30,21:19:52.750,A,2005-05-30T21:20:12.208000Z
638,150,2005-05-30,21:09:29.700,A,2005-05-30T21:09:56.593000Z
639,129,2005-05-09,10:55:59.350,B,2005-05-09T10:56:25.048000Z
640,112,2005-04-22,15:41:02.700,A,2005-04-22T15:44:45.911000Z
641,62,2005-03-03,08:56:22.199,A,2005-03-03T08:57:00.682000Z
642,61,2005-03-02,04:03:26.258,,2005-03-02T04:04:07.768000Z
643,58,2005-02-27,01:55:59.237,A,2005-02-27T01:57:36.524000Z
644,54,2005-02-23,14:41:00.400,B,2005-02-23T14:41:22.882000Z
645,53,2005-02-22,22:12:33.600,A,2005-02-22T22:13:01.555000Z
646,38,2005-02-07,20:06:23.800,A,2005-02-07T20:09:11.194000Z
647,32,2005-02-01,14:47:48.200,A,2005-02-01T14:48:24.642000Z
648,17,2005-01-17,04:30:17.111,A,2005-01-17T04:30:52.083000Z
649,15,2005-01-15,01:08:56.242,A,2005-01-15T01:09:31.989000Z
650,9,2005-01-09,02:46:34.400,A,2005-01-09T02:47:37.737000Z
651,8,2005-01-08,16:59:31.500,A,2005-01-08T17:00:03.417000Z
652,6,2005-01-06,16:25:55.272,A,2005-01-06T16:26:33.361000Z
653,2,2005-01-02,02:19:30.350,B,2005-01-02T02:20:58.293000Z
654,2,2005-01-02,02:06:15.000,A,2005-01-02T02:06:57.485000Z
655,365,2004-12-30,04:05:09.666,A,2004-12-30T04:05:56.864000Z
656,355,2004-12-20,21:39:38.500,A,2004-12-20T21:40:19.226000Z
657,355,2004-12-20,02:39:57.018,C,2004-12-20T02:40:10.533000Z
658,350,2004-12-15,06:59:40.076,A,2004-12-15T07:00:12.551000Z
659,332,2004-11-27,23:44:23.000,B,2004-11-27T23:45:10.315000Z
660,331,2004-11-26,19:25:42.800,A,2004-11-26T19:26:29.371000Z
661,328,2004-11-23,02:27:47.998,B,2004-11-23T02:32:26.378000Z
662,326,2004-11-21,19:13:35.275,B,2004-11-21T19:14:40.687000Z
663,314,2004-11-09,09:07:27.800,A,2004-11-09T09:07:46.512000Z
664,298,2004-10-24,13:08:28.150,A,2004-10-24T13:09:11.628000Z
665,295,2004-10-21,20:26:55.300,A,2004-10-21T20:27:58.108000Z
666,285,2004-10-11,07:32:20.073,A,2004-10-11T07:34:49.004000Z
667,282,2004-10-08,00:49:43.349,B,2004-10-08T00:50:27.170000Z
668,281,2004-10-07,07:18:26.901,A,2004-10-07T07:21:23.214000Z
669,281,2004-10-07,04:42:33.000,C,2004-10-07T04:43:42.857000Z
670,279,2004-10-05,10:42:46.368,,2004-10-05T10:46:08.745000Z
671,275,2004-10-01,18:17:28.205,B,2004-10-01T18:17:40.130000Z
672,273,2004-09-29,21:55:42.412,B,2004-09-29T21:56:14.005000Z
673,271,2004-09-27,23:37:59.400,A,2004-09-27T23:38:28.629000Z
674,259,2004-09-15,17:32:30.155,A,2004-09-15T17:33:07.040000Z
675,256,2004-09-12,13:29:22.000,C,2004-09-12T13:30:03.451000Z
676,255,2004-09-11,01:24:48.662,A,2004-09-11T01:25:14.943000Z
677,254,2004-09-10,16:13:53.200,A,2004-09-10T16:14:26.844000Z
678,248,2004-09-04,02:00:08.850,A,2004-09-04T02:00:48.169000Z
679,212,2004-07-30,06:54:29.100,A,2004-07-30T06:55:06.795000Z
680,212,2004-07-30,05:45:55.100,A,2004-07-30T05:46:18.698000Z
681,207,2004-07-25,21:00:20.100,B,2004-07-25T21:00:37.694000Z
682,201,2004-07-19,10:12:45.800,A,2004-07-19T10:13:05.301000Z
683,196,2004-07-14,23:10:57.333,A,2004-07-14T23:11:38.531000Z
684,172,2004-06-20,16:32:56.708,A,2004-06-20T16:33:12.260000Z
685,31,2004-01-31,04:10:02.600,A,2004-01-31T04:10:44.820000Z
686,21,2004-01-21,17:43:38.300,A,2004-01-21T17:44:21.038000Z
687,363,2003-12-29,20:12:44.304,B,2003-12-29T20:13:45.607000Z
688,341,2003-12-07,15:41:48.407,A,2003-12-07T15:42:57.307000Z
689,333,2003-11-29,21:41:26.632,B,2003-11-29T21:41:30.136000Z
690,327,2003-11-23,05:38:07.989,B,2003-11-23T05:38:54.026000Z
691,320,2003-11-16,18:32:07.317,A,2003-11-16T18:36:20.920000Z
692,319,2003-11-15,21:58:43.447,B,2003-11-15T21:59:29.434000Z
693,309,2003-11-05,01:52:43.575,A,2003-11-05T01:53:14.258000Z
694,303,2003-10-30,12:20:26.469,B,2003-10-30T12:21:10.221000Z
695,301,2003-10-28,07:01:53.365,A,2003-10-28T07:01:57.258000Z
696,251,2003-09-08,14:33:01.050,A,2003-09-08T14:33:25.989000Z
697,244,2003-09-01,07:02:24.401,B,2003-09-01T07:02:29.833000Z
698,242,2003-08-30,19:22:36.443,B,2003-08-30T19:23:26.590000Z
699,234,2003-08-22,22:01:52.643,B,2003-08-22T22:02:27.204000Z
700,234,2003-08-22,11:34:34.991,B,2003-08-22T11:35:10.866000Z
701,229,2003-08-17,15:38:35.706,A,2003-08-17T15:42:41.073000Z
702,227,2003-08-15,16:12:12.801,A,2003-08-15T16:13:21.426000Z
703,188,2003-07-07,15:08:19.760,A,2003-07-07T15:08:49.542000Z
704,175,2003-06-24,14:36:31.500,A,2003-06-24T14:37:23.799000Z
705,168,2003-06-17,15:45:03.913,B,2003-06-17T15:45:50.072000Z
706,152,2003-06-01,01:38:49.807,A,2003-06-01T01:40:20.039000Z
707,126,2003-05-06,01:20:48.550,A,2003-05-06T01:21:37.258000Z
708,121,2003-05-01,20:06:09.470,A,2003-05-01T20:09:25.025000Z
709,119,2003-04-29,01:52:44.947,A,2003-04-29T01:57:27.818000Z
710,64,2003-03-05,17:21:57.655,B,2003-03-05T17:23:09.647000Z
711,38,2003-02-07,23:17:25.303,A,2003-02-07T23:18:22.148000Z
712,5,2003-01-05,13:45:46.843,A,2003-01-05T13:49:05.514000Z
713,357,2002-12-23,04:03:55.629,C,2002-12-23T04:07:36.399000Z
714,356,2002-12-22,01:27:12.756,,2002-12-22T01:27:31.474000Z
715,347,2002-12-13,01:21:10.149,B,2002-12-13T01:22:18.563000Z
716,343,2002-12-09,09:36:17.634,B,2002-12-09T09:39:54.179000Z
717,342,2002-12-08,19:11:43.001,B,2002-12-08T19:14:17.405000Z
718,336,2002-12-02,05:00:19.650,A,2002-12-02T05:04:09.639000Z
719,313,2002-11-09,21:51:02.940,A,2002-11-09T21:54:12.922000Z
720,311,2002-11-07,21:36:27.020,A,2002-11-07T21:38:27.074000Z
721,302,2002-10-29,17:15:28.000,A,2002-10-29T17:16:35.640000Z
722,299,2002-10-26,14:51:37.500,A,2002-10-26T14:52:22.394000Z
723,276,2002-10-03,21:25:41.059,B,2002-10-03T21:27:37.600000Z
724,271,2002-09-28,02:47:30.475,B,2002-09-28T02:50:07.390000Z
725,270,2002-09-27,06:11:29.443,A,2002-09-27T06:14:09.483000Z
726,263,2002-09-20,23:06:47.620,B,2002-09-20T23:09:24.996000Z
727,262,2002-09-19,09:21:05.988,A,2002-09-19T09:25:14.689000Z
728,257,2002-09-14,19:51:40.691,B,2002-09-14T19:55:42.478000Z
729,253,2002-09-10,02:33:35.599,A,2002-09-10T02:36:19.603000Z
730,244,2002-09-01,05:28:15.251,A,2002-09-01T05:31:02.919000Z
731,238,2002-08-26,04:35:18.557,,2002-08-26T04:35:30.861000Z
732,232,2002-08-20,22:50:29.088,A,2002-08-20T22:53:36.337000Z
733,231,2002-08-19,01:22:20.150,B,2002-08-19T01:22:47.652000Z
734,220,2002-08-08,14:58:22.600,A,2002-08-08T14:58:47.492000Z
735,215,2002-08-03,08:45:20.395,B,2002-08-03T08:45:26.302000Z
736,213,2002-08-01,20:51:40.393,A,2002-08-01T20:52:45.623000Z
737,60,2002-03-01,17:50:50.106,A,2002-03-01T17:51:17.795000Z
738,52,2002-02-21,02:13:20.390,A,2002-02-21T02:13:38.010000Z
739,40,2002-02-09,10:26:44.447,B,2002-02-09T10:26:55.412000Z
740,343,2001-12-09,23:16:44.950,C,2001-12-09T23:17:01.263000Z
741,333,2001-11-29,18:50:47.500,A,2001-11-29T18:51:00.876000Z
742,297,2001-10-24,12:19:52.078,A,2001-10-24T12:21:08.291000Z
743,296,2001-10-23,15:17:28.226,A,2001-10-23T15:18:30.599000Z
744,278,2001-10-05,13:30:02.193,A,2001-10-05T13:30:35.982000Z
745,259,2001-09-16,02:02:18.457,A,2001-09-16T02:05:59.255000Z
746,250,2001-09-07,14:31:32.550,A,2001-09-07T14:32:11.866000Z
747,189,2001-07-08,06:29:59.588,C,2001-07-08T06:30:05.619000Z
748,182,2001-07-01,23:32:09.560,B,2001-07-01T23:32:26.221000Z
749,170,2001-06-19,15:12:55.579,A,2001-06-19T15:13:17.035000Z
750,167,2001-06-16,12:48:27.711,A,2001-06-16T12:52:34.517000Z
751,160,2001-06-09,07:40:57.800,A,2001-06-09T07:41:30.990000Z
752,158,2001-06-07,20:11:34.575,A,2001-06-07T20:12:05.075000Z
753,154,2001-06-03,17:24:24.342,A,2001-06-03T17:24:53.271000Z
754,154,2001-06-03,06:43:45.750,A,2001-06-03T06:44:08.653000Z
755,146,2001-05-26,06:02:54.262,A,2001-05-26T06:04:33.310000Z
756,145,2001-05-25,18:30:01.850,B,2001-05-25T18:30:18.987000Z
757,139,2001-05-19,13:53:55.600,A,2001-05-19T13:54:32.282000Z
758,123,2001-05-03,02:16:35.500,A,2001-05-03T02:17:02.909000Z
759,116,2001-04-26,17:53:20.925,A,2001-04-26T17:53:49.642000Z
760,116,2001-04-26,00:34:27.400,A,2001-04-26T00:34:54.933000Z
761,115,2001-04-25,23:06:43.142,A,2001-04-25T23:07:15.529000Z
762,114,2001-04-24,02:39:48.200,A,2001-04-24T02:40:09.440000Z
763,113,2001-04-23,13:50:06.906,A,2001-04-23T13:50:38.367000Z
764,111,2001-04-21,08:37:49.227,B,2001-04-21T08:38:12.523000Z
765,110,2001-04-20,12:05:10.200,B,2001-04-20T12:05:46.338000Z
766,110,2001-04-20,01:35:45.512,A,2001-04-20T01:36:07.061000Z
767,105,2001-04-15,11:21:45.590,A,2001-04-15T11:22:07.371000Z
768,99,2001-04-09,17:40:09.330,C,2001-04-09T17:44:31.595000Z
769,95,2001-04-05,02:59:36.400,A,2001-04-05T03:00:23.282000Z
770,93,2001-04-03,22:14:55.400,A,2001-04-03T22:15:38.147000Z
771,90,2001-03-31,02:51:20.400,A,2001-03-31T02:51:51.426000Z
772,89,2001-03-30,11:27:47.590,A,2001-03-30T11:28:20.333000Z
773,85,2001-03-26,14:51:31.050,A,2001-03-26T14:52:02.809000Z
774,85,2001-03-26,10:13:35.700,A,2001-03-26T10:14:13.686000Z
775,82,2001-03-23,01:03:52.700,A,2001-03-23T01:04:12.447000Z
776,69,2001-03-10,22:13:14.554,A,2001-03-10T22:13:39.927000Z
777,67,2001-03-08,15:17:30.584,A,2001-03-08T15:17:52.258000Z
778,66,2001-03-07,20:26:43.169,A,2001-03-07T20:27:23.108000Z
779,58,2001-02-27,11:40:14.976,B,2001-02-27T11:44:03.865000Z
780,45,2001-02-14,08:32:03.800,A,2001-02-14T08:32:45.204000Z
781,45,2001-02-14,04:20:38.959,A,2001-02-14T04:20:57.312000Z
782,34,2001-02-03,04:18:22.900,A,2001-02-03T04:18:38.775000Z
783,23,2001-01-23,16:55:57.276,B,2001-01-23T16:56:14.208000Z
784,353,2000-12-18,03:44:34.150,A,2000-12-18T03:45:20.608000Z
785,352,2000-12-17,13:52:55.326,A,2000-12-17T13:53:13.117000Z
786,341,2000-12-06,00:24:57.150,A,2000-12-06T00:25:21.520000Z
787,333,2000-11-28,16:40:37.400,A,2000-11-28T16:40:55.634000Z
788,328,2000-11-23,22:14:37.642,A,2000-11-23T22:14:54.028000Z
789,326,2000-11-21,08:47:07.500,A,2000-11-21T08:47:23.680000Z
790,323,2000-11-18,19:59:24.400,A,2000-11-18T19:59:43.563000Z
791,317,2000-11-12,22:12:07.325,A,2000-11-12T22:12:39.787000Z
792,247,2000-09-03,04:10:52.450,A,2000-09-03T04:11:47.271000Z
793,247,2000-09-03,01:34:29.000,B,2000-09-03T01:35:05.786000Z
794,247,2000-09-03,00:43:28.700,A,2000-09-03T00:44:22.281000Z
795,246,2000-09-02,00:50:13.000,B,2000-09-02T00:51:11.282000Z
796,246,2000-09-02,00:31:07.800,A,2000-09-02T00:32:01.877000Z
797,236,2000-08-23,22:07:27.602,B,2000-08-23T22:07:47.368000Z
798,234,2000-08-21,14:19:29.625,A,2000-08-21T14:20:11.215000Z
799,233,2000-08-20,08:21:58.450,A,2000-08-20T08:22:27.585000Z
800,231,2000-08-18,15:15:19.200,A,2000-08-18T15:15:40.776000Z
801,231,2000-08-18,11:22:42.163,A,2000-08-18T11:23:34.899000Z
802,230,2000-08-17,05:10:31.000,A,2000-08-17T05:11:40.454000Z
803,230,2000-08-17,02:13:29.750,A,2000-08-17T02:13:56.977000Z
804,230,2000-08-17,01:40:54.100,A,2000-08-17T01:41:30.315000Z
805,227,2000-08-14,01:09:07.149,A,2000-08-14T01:14:10.090000Z
806,181,2000-06-29,08:53:50.911,A,2000-06-29T08:54:38.307000Z
807,177,2000-06-25,23:27:00.210,B,2000-06-25T23:27:04.800000Z
808,175,2000-06-23,17:08:28.600,B,2000-06-23T17:08:53.005000Z
809,160,2000-06-08,21:44:39.048,B,2000-06-08T21:44:36.656000Z
810,156,2000-06-04,13:13:20.546,A,2000-06-04T13:17:20.652000Z
811,155,2000-06-03,13:29:09.510,B,2000-06-03T13:29:21.850000Z
812,153,2000-06-01,17:57:40.565,A,2000-06-01T18:00:36.708000Z
813,147,2000-05-26,01:29:47.479,A,2000-05-26T01:35:47.372000Z
814,141,2000-05-20,14:49:51.450,A,2000-05-20T14:50:15.348000Z
815,132,2000-05-11,22:38:30.500,A,2000-05-11T22:39:11.124000Z
816,122,2000-05-01,13:21:38.211,B,2000-05-01T13:23:21.643000Z
817,122,2000-05-01,01:33:07.100,B,2000-05-01T01:33:29.128000Z
818,119,2000-04-28,17:31:06.748,B,2000-04-28T17:31:36.893000Z
819,112,2000-04-21,17:36:51.498,A,2000-04-21T17:37:50.155000Z
820,85,2000-03-25,09:30:42.860,A,2000-03-25T09:31:01.932000Z
821,82,2000-03-22,00:17:59.193,,2000-03-22T00:19:24.447000Z
822,59,2000-02-28,04:25:03.500,A,2000-02-28T04:28:56.056000Z
823,58,2000-02-27,22:42:48.900,B,2000-02-27T22:43:29.923000Z
824,20,2000-01-20,15:55:27.400,A,2000-01-20T15:56:19.652000Z
825,20,2000-01-20,00:51:08.400,A,2000-01-20T00:52:10.000000Z
